timestamp,instrument,headline
2024-01-15 10:00:00,EURUSD,"ECB signals dovish stance on interest rates amid inflation concerns"
2024-01-15 11:30:00,GBPUSD,"UK economy shows resilience with strong retail sales growth"
2024-01-16 08:00:00,XAUUSD,"Gold rallies on safe-haven demand as geopolitical tensions rise"
2024-01-16 14:30:00,EURUSD,"Euro falls as weak German manufacturing data weighs on sentiment"
2024-01-17 09:45:00,GBPUSD,"Pound surges after hawkish Bank of England comments boost outlook"
2024-01-18 12:00:00,BTCUSD,"Bitcoin gains momentum with bullish institutional sentiment"
2024-01-19 10:30:00,NAS100,"Tech stocks decline on concerns over higher interest rates"
2024-01-22 08:15:00,EURUSD,"European markets optimistic as inflation shows signs of cooling"
2024-01-23 13:00:00,XAUUSD,"Gold drops as strong dollar and rising yields weigh on prices"
2024-01-24 11:00:00,GBPUSD,"Sterling weak as UK growth forecasts revised downward"
2024-01-25 14:45:00,NAS100,"Nasdaq rallies on positive earnings reports from tech giants"
2024-01-26 09:30:00,BTCUSD,"Cryptocurrency markets bearish amid regulatory uncertainty"
2024-01-29 08:00:00,EURUSD,"Euro gains ground as ECB maintains hawkish tone on policy"
2024-01-30 12:30:00,XAUUSD,"Bullish outlook for gold as central banks boost reserves"
2024-02-01 10:15:00,GBPUSD,"British pound under pressure from weak PMI data"
2024-02-02 14:00:00,NAS100,"Tech sector optimism drives strong gains in equity markets"
2024-02-05 09:00:00,EURUSD,"Eurozone data disappoints, weighing on single currency"
2024-02-06 11:45:00,BTCUSD,"Bitcoin surge continues with positive momentum from institutional buyers"
2024-02-07 13:30:00,XAUUSD,"Precious metals decline as risk appetite improves globally"
2024-02-12 08:30:00,GBPUSD,"Pound rallies on upbeat employment figures and wage growth"
2024-02-13 10:00:00,EURUSD,"Euro bearish as concerns over economic slowdown intensify"
2024-02-14 15:00:00,NAS100,"Nasdaq falls sharply on disappointing tech earnings"
2024-02-15 12:00:00,XAUUSD,"Gold prices rise on fears of prolonged inflation pressures"
2024-02-19 09:15:00,BTCUSD,"Crypto sentiment negative following exchange security concerns"
2024-02-21 11:30:00,GBPUSD,"Sterling gains as UK inflation eases more than expected"
2024-02-26 08:00:00,EURUSD,"European economic outlook improves with strong growth indicators"
2024-02-27 13:45:00,NAS100,"US equity markets bullish on optimistic Fed commentary"
2024-02-28 10:45:00,XAUUSD,"Gold weak as dollar strength continues to dominate markets"
